iterations,values
7,"[1.6260777960014128, 1.496409561688378, 1.4120870716689307, 1.370555098972785, 1.675352880728729, 8.895437370251055e-15, 1.075044215949101, 0.0, 1.7753962345690375, 1.9292394743053778, 1.8456226736313668, 0.0, 0.0, 2.2251613169674083, 2.5885122904466336, 0.0]"
