iterations,values
4,"[0.04630301577258705, 0.04677211297274452, 0.0823202949024604, 0.04704016851569165, 0.0805611804018699, -1.0263565494612489e-17, 0.17934064246607445, 0.0, 0.17524023033255517, 0.40134945301265684, 0.5902071143453188, 0.0, 0.0, 0.7396131041195892, 1.632586583316214, 0.0]"
