iterations,values
4,"[5.535007139299062e-06, 2.541223162593471e-05, 0.0003502362356237869, 2.6941248894137452e-05, 5.207786832425216e-05, 0.0, 0.00487636604983888, 0.0, 0.0007235551494002312, 0.010077694223278985, 0.07279525451195941, 0.0, 0.0, 0.07764660368782515, 1.0769747574062731, 0.0]"
