iterations,values
4,"[0.0002799525510260737, 0.0005977689377731728, 0.00360554554449955, 0.0006555537353635545, 0.0012219226438963064, 0.0, 0.022780492303883522, 0.0, 0.007662544634299918, 0.04858461747905317, 0.16724814673462687, 0.0, 0.0, 0.18947393972397197, 1.1829959907267649, 0.0]"
