iterations,time,rewards,delta
1,0.00023984909057617188,1.0,1.0
2,0.0004990100860595703,1.0666666666666667,0.13333333333333333
