gamma,iterations,time,rewards,delta
0.99,6,0.0023529529571533203,656.3824659039655,1.1368683772161603e-13
