iterations,0.2,0.4,0.8,0.99
1,7.972542372881355,16.904705882352946,34.69860465116279,43.13017927022739
2,0.5876000000000003,5.350400000000002,24.401600000000006,67.98155293786603
3,1.7763568394002505e-15,1.190849882352942,16.987756651162794,60.04274293786604
4,1.7763568394002505e-15,4.440892098500626e-16,11.649789440000005,52.96926322786592
5,1.7763568394002505e-15,4.440892098500626e-16,7.105427357601002e-15,4.159738722735483
6,1.7763568394002505e-15,4.440892098500626e-16,7.105427357601002e-15,1.1368683772161603e-13
