iterations,values
3,"[0.1906779661016949, 1.0381355932203389, 1.0381355932203389, 1.6257355932203392, 9.010677966101696, 50.03813559322034]"
