iterations,time,rewards,delta
1,0.0007221698760986328,50.03813559322034,7.972542372881355
2,0.0011031627655029297,50.03813559322034,0.5876000000000003
3,0.0014650821685791016,50.03813559322034,1.7763568394002505e-15
