iterations,values
6,"[612.5075413171369, 619.3819244969028, 627.0972816010171, 635.7564927167459, 645.4750237108298, 656.3824659039655]"
