iterations,values
5,"[15.736778009365823, 20.108105234189658, 26.179393046444982, 34.61173723013294, 46.32332637414399, 62.589422407492656]"
