iterations,0.2,0.4,0.8,0.99
1,50.03813559322034,50.1764705882353,51.674418604651166,96.64674775251171
2,50.03813559322034,50.1764705882353,51.674418604651166,134.5383006903777
3,50.03813559322034,50.1764705882353,51.674418604651166,134.5383006903777
4,50.03813559322034,50.1764705882353,51.674418604651166,134.5383006903777
5,50.03813559322034,50.1764705882353,62.589422407492656,601.7748746970616
6,50.03813559322034,50.1764705882353,62.589422407492656,656.3824659039655
