iterations,values
800000,"[109.16364155702121, 115.535047760469, 122.92180484858751, 131.51798314960203, 141.44467469788086, 153.55335339140245]"
