iterations,values
800000,"[108.99725934276289, 115.42334764213308, 122.93764272608566, 131.43573641425337, 142.00952501506868, 153.6602008147862]"
