iterations,values
800000,"[108.17948964880385, 114.47538380118131, 121.94627492377488, 130.51795852405954, 140.98550959240444, 152.755740793009]"
