iterations,values
800000,"[9.219346574306444, 9.75849396820243, 9.762554360256908, 8.862961938473745, 35.42635422246652, 68.98928051811173]"
