iterations,values
800000,"[108.86077072218465, 115.1360183888107, 122.2900683510089, 131.25200865585077, 141.42233016842872, 153.3705990750413]"
