iterations,values
15,"[0.0394283858784751, 0.041063363562101295, 0.07827669007838822, 0.04246325632951843, 0.07309360639625571, 0.0, 0.176400127344096, 0.0, 0.16799744427776317, 0.39545186267150556, 0.5859762302529553, 0.0, 0.0, 0.7346077302721101, 1.6297020017047599, 0.0]"
