iterations,values
4,"[0.0, 0.0, 0.0023703703703703703, 0.0, 0.0, 0.0, 0.02014814814814815, 0.0, 0.004740740740740741, 0.042666666666666665, 0.16296296296296298, 0.0, 0.0, 0.1831111111111111, 1.1783703703703703, 0.0]"
