iterations,time,rewards,delta
1,5.3882598876953125e-05,1.0,1.0
2,0.0001480579376220703,1.0666666666666667,0.06666666666666667
