iterations,values
203,"[1.6244058129943966, 1.4941771407016085, 1.4094567069269575, 1.3677182481140686, 1.6738026011756533, 0.0, 1.0738487309464582, 0.0, 1.7740805029339433, 1.9282540619847597, 1.8447535998187252, 0.0, 0.0, 2.224461612568107, 2.5881492246750346, 0.0]"
