iterations,values
100,"[384.91039875726284, 391.7847643041528, 399.5001923360871, 408.1593923387481, 417.87791086025305, 428.7853390549836]"
