iterations,values
31,"[15.707801009988936, 20.078951315273134, 26.14994092823349, 34.58192342394613, 46.292957745834876, 62.560610574137044]"
