iterations,values
6,"[0.4387009536, 1.1723944960000001, 2.3648449536, 6.522794496000002, 18.078700953600002, 50.172394496]"
