iterations,time,rewards,delta
1,0.01019287109375,50.03813559322034,7.972542372881355
2,0.013026952743530273,50.03813559322034,0.5876000000000003
3,0.015555143356323242,50.03813559322034,1.7763568394002505e-15
